{
  "os":  "Linux-6.5.0-1022-aws-x86_64-with-glibc2.31",
  "python":  "3.10.14",
  "startedAt":  "2024-10-15T10:11:18.279775Z",
  "args":  [
    "-f",
    "/dev/shm/kernel-6cd165ad-9cd5-4a31-8e66-458e24d308c7.json"
  ],
  "program":  "<python with no main file>",
  "email":  "rudra.corteva@gmail.com",
  "root":  "/home/f7577cac-6c5b-43f7-96e3-14177b5920ab",
  "host":  "green-nbjupyterhub20",
  "username":  "f7577cac-6c5b-43f7-96e3-14177b5920ab",
  "executable":  "/opt/conda/envs/anaconda-2024.02-py310/bin/python",
  "cpu_count":  2,
  "cpu_count_logical":  4,
  "disk":  {
    "/":  {
      "total":  "77851254784",
      "used":  "26692141056"
    }
  },
  "memory":  {
    "total":  "33160941568"
  },
  "cpu":  {
    "count":  2,
    "countLogical":  4
  }
}