{
  "os":  "Linux-6.5.0-1022-aws-x86_64-with-glibc2.31",
  "python":  "3.9.12",
  "startedAt":  "2024-10-28T04:53:38.444037Z",
  "args":  [
    "-f",
    "/dev/shm/kernel-930b9b05-2916-4295-832d-86c71294d3ee.json"
  ],
  "program":  "<python with no main file>",
  "email":  "rudra.corteva@gmail.com",
  "root":  "/home/f7577cac-6c5b-43f7-96e3-14177b5920ab",
  "host":  "green-nbjupyterhub20",
  "username":  "f7577cac-6c5b-43f7-96e3-14177b5920ab",
  "executable":  "/opt/conda/envs/anaconda-2022.05-py39/bin/python",
  "cpu_count":  2,
  "cpu_count_logical":  4,
  "disk":  {
    "/":  {
      "total":  "77851254784",
      "used":  "18304192512"
    }
  },
  "memory":  {
    "total":  "33160941568"
  },
  "cpu":  {
    "count":  2,
    "countLogical":  4
  }
}