{"_timestamp":1.730051327688593e+09,"_runtime":1.073129521,"_step":0,"_wandb":{"runtime":1},"predictions":{"format":"png","count":10,"filenames":["media/images/predictions_0_cfd2f340aac0626870b7.png","media/images/predictions_0_59e24ea006d84ec9fe0c.png","media/images/predictions_0_91cecd60468ecd0ef99a.png","media/images/predictions_0_3f63ea32611c21538ccc.png","media/images/predictions_0_2c0b823292961c345ece.png","media/images/predictions_0_432b79a7361f8b1623bc.png","media/images/predictions_0_8d11d41155c936152b5f.png","media/images/predictions_0_6fbc62ed6634ea6b4ff6.png","media/images/predictions_0_0a884f530025f1962aaa.png","media/images/predictions_0_cce34c1551b80481a1f9.png"],"captions":["Pred: 7, True: 7","Pred: 2, True: 2","Pred: 1, True: 1","Pred: 0, True: 0","Pred: 4, True: 4","Pred: 1, True: 1","Pred: 4, True: 4","Pred: 9, True: 9","Pred: 5, True: 5","Pred: 9, True: 9"],"_type":"images/separated","width":28,"height":28}}